AD SERVICES,info@adservices.be
ARTES TWT,renaud.suinen@artestwt.be
AXA BELGIUM,sabrina.mawet@axa.be
B.E.C.F.B.A,arnaud@f-ba.be
BATI CENTRE,mike@bati-centre.be
BCI TECHNICS (BALTEAU),p.decoeur@balteau-ie.be
BELCOGEST ASSURANCES,info@belcogest.be
BEMAT,secretariat@bemat.be
BERTRAND BY GRANIT INTER,olivier.bertrand@granitinter.com
BIAGIO MARIO Terrassements (M. Fragapane),nancy.mbl@skynet.be
BM WILL,a.lavigne@bmwill.com
BULEX (SAUNIER DUVAL),bruno.vervinckt@bulex.be
CARROCHAPE DESIGN,carrochapedesign@proximus.be
CENTRAL PNEU (Q TEAM),gregory.demanet@qtem.be
CENTURY 21 LES LACS,d.vynckier@century21leslacs.be
CHAURACI,pierre@chauraci.be
CHAURACI (TECHNICENTER),namur@chauraci.be
COLAS BELGIUM,francois.decolnet@colas.be
COMAP,info@comap.be
CR�ER RENOVER CONSTRUIRE,x.delsaux@crc-sa.be
CUISINES IMMO,j.stranard@hotmail.com
CUVE SERVICES,direction@cuve-services.be
DAIKIN ,adrien.sap@daikin.be
DAMO,david.moerenhout@skynet.be
DAVID ROBIN IMMOBILIER,info@davidrobin.be
DCS - DIGIT SECURITY COMPANY,info@dsc-security.be
DE RO GARAGE,xavier@garagedero.be
Delhaye Axelle Assurances,delhaye.axelle@gmail.com
DELRUE,mk@groupdelrue.be
"DERBY ""Playoff Charleroi""",Jerome.Farinaux@entaingroup.com
DIFRA CONSTRUCT,difraconstruct@hotmail.com
DISTRICOAL,info@districoal.be
DL NET,d.leger@dlnet.be
DRUART VMA,xavierdruart@VMA-DRUART.BE
DURANT & FILS,etienne@assurances-durant.be
EDERGEN,emma.vannieuwenhove@edergen.be
EDIBO SUD,frederick.desier@edibosud.be
ETERNIT,wim.beck@etexgroup.com
EUROTAX,bomblet@euro-tax.be
FACOZINC DROGENBOS,s.pien@facozinc.be
FACOZINC GILLY,s.pien@facozinc.be
FACOZINC LIEGE,s.pien@facozinc.be
FACOZINC MONS,s.pien@facozinc.be
FACOZINC NAMUR,s.pien@facozinc.be
FACOZINC VERVIERS,s.pien@facozinc.be
FACQ,quentin.dewilde@facq.be
FENTRA - CEZAM,aromain@cezam.net
FENTRA - CHE Systems,ccherain@fentra.be
FENTRA - ECO 2B,thomas@eco2b.be
FENTRA - Quadralux,compta@quadralux.lu
FENTRA by Alliance,dsinnaeve@fentra.be
FENTRA by Ch�ssis Lux,lclementz@fentra.lu
FENTRA by RC Ch�ssis,lclementz@fentra.lu
FONTAINE,df@funerariumfontaine.be
FRAGAPANE EGOUTTAGE,info@egouttage-fragapane.be
FRIA CONCEPT,info@friaconcept.be
FULL SERVICES,thomas.fadel@full-services.be
GEBERIT,veronique.langlois@geberit.com
GERDAY TRAVAUX,sgerday@gerday.be
GOBERT MATERIAUX,p.minet@gobertgroupe.com
HUPE sprl,guy@hupe.be
HOLCIM,nathalie.content@lafargeholcim.com
IACI (Table WEB),l.coulon@iaci.be
INDA spa,fabrice.demeyer@inda.net
INDUSCABEL (ID GROUP),nico.dhert@induscabel.be
JORDAN,jl.stavaux@groupejordan.be
KOECKELBERG,norbert@koeckelberg.be
KONE BELGIUM,isabelle.spinoy@kone.com
KRINKELS,Sophie.Vermeesch@krinkels.be
LA BARRIQUE,jm.marbaise@labarrique.be
KELLER WILLIAMS (LA METROPOLE),info@kwmetropole.be
LAMBERT REFRIGERATION,jerome.couchariere@refrigeration-lambert.be
LAURENT ATELIER,schiavon.line@hotmail.fr
LIONS REALTY /ELECTROLUX,benjamin.roekaerts@gmail.com
LOUVERS,info@louvers.be
LOUYET,arnaud.baudoin@louyet.net.bmw.be
LOVEMAT,mf@lovemat.be
LUCLION,michael.lion@luclion.be
MAPEI BENELUX,r.nicolas@mapei.be
MATHYS PEINT,info@mathyspeint.be
MECACIER Biebuyck Lessines,dnc.mbl@skynet.be
META SYSTEM,info@meta-system.be
MICHAUX ,fabienne@jlmichaux.eu
MIGNONE,vincent@mignone-sa.be
MTV SERVICES,info@mtvservices.be
MYT TOITURES,hector@ymax.be
NEO MDS CENTRO,julien@neo-sprl.com
PAUL MATHIEU,mathieu.paul@gmail.com
PK LUX,pierre@pklux.lu
PREFACO,fabian.spitals@prefaco.be
RIBOUX,menuiserieriboux@skynet.be
RICCIARDONE,mr.architecture@skynet.be
RISO CONTAINERS,domenico.riso@skynet.be
RONVEAUX,a.rouard@ronveaux.com
SAGA Mercedes-Benz (Gilly),elisa.leoni@saga-mercedes-benz.be
SEBM,bouli@sebm.be
SI RENOVE,c.scohier@sirenove.be
SL+ ARCHITECTES,info@admsa.be
SOBELTAX LOCATION,i.manolakis@sobeltaxrental.be
SOPREMA,info@soprema.be
SOTRAFEU,rdd@sotrafeu.be
SOTRELCO,ax@sotrelco.com
STA BTP,p.fichet@dimanche-sa.be
STYLESPACE,dmartin@lightelec.eu
SUPERSANIT (Coco),osc@supersanit.be
SYSTEMAIR,michael.frisch@systemair.be
TECTUM DEKKERS SUD,pke@tectumdekkerssud.be
TRENTIN BENOIT,lucast@outlook.be
VAILLANT (CHAURACI),luc.van-brabandt@vaillant.com
VAILLANT (JORDAN),luc.van-brabandt@vaillant.com
VMA PROCOOL,Matthieu Van Breusegem
WALMAT,she@walmat.eu
WANTY/ICM,nicolas.bughin@wanty.eu
WE INVEST CHARLEROI,thomasbelle@weinvest.be
WEB,lwagner@w-e-b.be
WOOH SA,olivier.hanoulle@wooh.be
